{
  "model_name": "roberta-base",
  "data_path": "/home/jiawen/AppraisalBench/4702/Sarcasm_Headlines_Dataset_v2.json",
  "device": "cuda",
  "seed": 42,
  "max_length": 96,
  "split": {
    "train_size": 22895,
    "val_size": 2862,
    "test_size": 2862,
    "train_pos_ratio": 0.4764359030355973,
    "val_pos_ratio": 0.47624039133473095,
    "test_pos_ratio": 0.47624039133473095
  },
  "val": {
    "accuracy": 0.916491963661775,
    "precision": 0.9425196850393701,
    "recall": 0.8782098312545855,
    "f1": 0.9092290163311811,
    "roc_auc": 0.9772095556979292
  },
  "test": {
    "accuracy": 0.9161425576519916,
    "precision": 0.9376461418550273,
    "recall": 0.8826118855465884,
    "f1": 0.909297052154195,
    "roc_auc": 0.9759996515162714
  }
}