{
  "train_size": 22895,
  "val_size": 2862,
  "test_size": 2862,
  "train_pos_ratio": 0.4764359030355973,
  "val_pos_ratio": 0.47624039133473095,
  "test_pos_ratio": 0.47624039133473095
}